RED,GREEN,BLUE
84,111,166
84,111,166
84,111,166
84,111,166
84,111,166
84,111,166
84,111,166
84,111,166
84,111,166
83,110,165
83,109,166
83,109,166
83,109,166
83,109,166
83,109,166
83,109,166
83,109,166
83,109,166
83,109,166
83,109,166
83,110,165
83,110,165
83,110,165
83,110,165
83,110,165
83,110,165
83,109,166
83,109,166
83,110,165
83,110,165
83,110,165
83,110,165
83,110,165
83,110,165
83,110,165
83,110,165
82,109,164
82,109,164
82,109,164
82,109,164
82,109,164
82,109,164
82,109,164
82,109,164
82,109,164
82,109,164
82,109,164
82,109,164
82,109,164
82,109,164
82,109,164
82,109,164
82,109,164
82,109,164
82,109,164
82,109,164
82,109,164
82,109,164
82,109,164
81,108,163
82,107,163
82,107,163
82,107,163
82,107,163
82,107,163
82,107,163
82,107,163
82,107,163
82,107,163
82,107,163
82,107,163
82,107,163
82,107,163
82,107,163
81,108,163
81,108,163
81,108,163
81,108,163
81,108,163
81,108,163
81,106,162
81,106,162
81,106,162
81,106,162
81,106,162
81,106,162
81,106,162
81,106,162
81,106,162
81,106,162
81,106,162
81,106,162
81,106,162
81,106,162
81,106,162
81,106,162
81,106,162
81,106,162
81,106,162
81,106,162
81,106,162
81,106,162
81,106,162
81,106,162
81,106,162
81,106,162
81,106,162
81,106,162
81,106,162
80,105,161
80,105,161
80,105,161
80,105,161
80,105,161
80,105,161
80,105,161
80,105,161
80,105,161
80,105,161
80,105,161
80,105,159
80,105,159
80,105,159
80,105,159
80,105,159
80,105,159
80,105,161
80,105,161
80,105,161
80,105,161
80,105,161
80,105,161
80,105,161
80,105,161
80,105,161
80,105,161
80,105,161
80,105,161
80,105,161
80,105,161
80,105,161
80,105,161
80,105,161
80,105,161
79,104,158
79,104,158
79,104,158
79,104,158
79,104,158
79,104,158
79,104,158
79,104,158
79,104,158
79,104,158
79,104,158
79,104,158
79,104,160
79,104,160
79,104,160
79,104,160
79,104,160
79,104,160
79,104,160
79,104,160
79,104,160
79,104,160
79,104,160
79,104,160
79,104,158
79,104,158
79,104,158
79,104,158
79,104,158
79,104,158
79,104,158
79,104,158
79,104,158
79,104,158
79,104,158
79,104,158
79,104,158
79,104,158
79,104,158
79,104,158
79,104,158
79,104,158
80,102,159
80,102,159
80,102,159
80,102,159
80,102,159
80,102,159
78,103,157
78,103,157
78,103,157
78,103,157
78,103,157
78,103,157
78,103,157
78,103,157
78,103,157
78,103,157
78,103,157
78,103,157
78,103,157
78,103,157
78,103,157
78,103,157
78,103,157
78,103,157
78,103,157
78,103,157
78,103,157
78,103,157
78,103,157
78,103,157
78,103,157
78,103,157
77,102,156
77,102,156
79,102,156
79,102,156
79,102,156
79,102,156
80,101,156
80,101,156
79,102,156
79,102,156
79,102,156
79,102,156
79,102,156
79,102,156
79,102,156
79,102,156
79,102,156
79,102,156
79,102,156
79,102,156
79,102,156
79,102,156
79,102,156
79,102,156
79,102,156
79,102,156
79,102,156
79,102,156
79,102,156
79,102,156
79,102,156
79,102,156
79,102,156
79,102,156
79,102,156
79,102,156
79,102,156
79,102,156
79,102,156
79,102,156
79,102,156
79,102,156
79,102,156
79,102,156
79,102,156
79,102,156
79,102,156
79,102,156
79,102,156
79,102,156
78,101,155
78,101,155
78,101,155
78,101,155
78,101,155
78,101,155
78,101,155
78,101,155
78,101,155
78,101,155
78,101,153
78,101,153
78,101,153
78,101,153
78,101,153
78,101,153
78,101,153
78,101,153
78,101,153
78,101,153
78,101,153
78,101,153
78,101,153
78,101,153
78,101,153
78,101,153
78,101,153
78,101,153
78,101,155
78,101,155
78,101,155
78,101,155
78,101,155
78,101,155
78,101,155
78,101,155
78,101,155
78,101,155
78,101,155
78,101,155
78,101,155
78,101,155
78,101,155
78,101,155
78,101,155
78,101,155
78,101,155
78,101,155
78,101,155
78,101,155
78,101,155
78,101,155
78,101,153
78,101,153
78,101,153
78,101,153
78,101,153
78,101,153
78,101,153
78,101,153
78,101,153
78,101,153
78,101,153
78,101,153
78,101,153
78,101,153
78,101,153
78,101,153
78,101,153
78,101,153
78,101,153
78,101,153
78,101,153
78,101,153
78,101,153
78,101,153
78,101,153
78,101,153
78,101,153
78,101,153
78,101,153
78,101,153
78,101,153
78,101,153
78,101,153
78,101,153
78,101,153
78,101,153
78,101,153
78,101,153
78,101,153
78,101,153
78,101,153
78,101,153
78,101,153
78,101,153
78,101,153
78,101,153
78,101,153
78,101,153
78,101,153
78,101,153
78,101,153
78,101,153
78,101,153
78,101,153
78,101,153
78,101,153
78,101,151
78,101,151
78,101,151
78,101,151
78,101,151
78,101,151
78,101,151
78,101,151
78,101,151
78,101,151
78,101,151
78,101,151
78,101,151
78,101,151
78,101,151
78,101,151
78,101,151
78,101,151
78,101,151
78,101,151
78,101,151
78,101,151
78,101,151
78,101,151
78,101,151
78,101,151
78,101,151
78,101,151
78,101,151
78,101,151
78,101,151
78,101,151
78,101,151
78,101,151
78,101,151
78,101,151
78,101,151
78,101,151
78,101,151
78,101,151
78,101,151
78,101,151
78,101,151
78,101,151
78,101,151
78,101,151
78,101,151
78,101,151
78,101,151
78,101,151
78,101,151
78,101,151
78,101,151
78,101,151
78,101,151
78,101,151
78,101,151
78,101,151
78,101,151
78,101,151
79,101,151
79,101,151
79,101,151
79,101,151
79,101,151
79,101,151
79,101,151
79,101,151
79,101,151
79,101,151
79,101,151
79,101,151
79,101,151
79,101,151
79,101,151
79,101,151
79,101,151
79,101,151
79,101,151
79,101,151
79,101,151
79,101,151
79,101,151
79,101,151
79,102,152
79,102,152
79,102,152
79,102,152
77,103,152
77,103,152
80,102,152
80,102,152
80,102,152
80,102,152
80,102,152
80,102,152
80,102,152
80,102,152
80,102,152
80,102,152
80,102,152
80,102,152
80,102,152
80,102,152
80,102,152
80,102,152
80,102,152
80,102,152
80,102,152
80,102,152
80,102,152
80,102,152
80,102,152
80,102,152
80,102,152
80,102,152
80,102,152
80,102,152
81,103,153
82,104,154
81,103,153
81,103,153
81,103,153
81,103,153
81,103,153
81,103,153
81,103,153
81,103,153
81,103,153
81,103,153
81,103,153
81,103,153
81,103,153
81,103,153
81,103,153
81,103,153
81,103,153
81,103,153
81,103,153
81,103,153
81,103,153
81,103,153
82,104,154
82,104,154
82,104,154
82,104,154
82,104,154
82,104,154
82,104,154
82,104,154
82,104,154
82,104,154
82,104,154
82,104,154
82,104,154
82,104,154
82,104,154
82,104,154
82,104,154
82,104,154
82,104,154
82,104,154
82,104,154
82,104,154
82,104,154
82,104,154
82,104,154
82,104,154
82,104,154
82,104,154
83,105,155
83,105,155
83,105,155
83,105,155
83,105,155
83,105,155
83,105,155
83,105,155
83,105,155
83,105,155
83,105,155
83,105,155
83,105,155
83,105,155
83,105,155
83,105,155
83,105,155
83,105,155
83,105,155
83,105,155
83,105,155
83,105,155
84,106,156
84,106,156
84,106,156
84,106,156
84,106,156
84,106,156
84,106,156
84,106,156
84,106,156
84,106,156
84,106,156
84,106,156
84,106,156
84,106,156
84,106,156
84,106,156
85,107,156
85,107,156
85,107,156
85,107,156
85,107,156
85,107,156
85,107,157
85,107,157
85,107,157
85,107,157
85,107,157
85,107,157
85,107,157
85,107,157
85,107,157
85,107,157
85,107,157
85,107,157
85,107,157
85,107,157
86,108,157
86,108,157
86,108,157
86,108,157
86,108,157
86,108,157
87,107,157
87,107,157
86,108,157
86,108,157
86,108,158
86,108,158
86,108,158
86,108,158
86,108,158
86,108,158
87,109,158
87,109,158
87,109,158
87,109,158
87,109,158
87,109,158
88,108,158
88,108,158
88,108,158
88,108,158
88,108,158
88,108,158
87,109,159
87,109,159
87,109,159
87,109,159
87,109,158
88,110,159
88,110,157
88,110,157
88,110,159
88,110,159
89,109,159
89,109,159
89,109,159
89,109,159
89,109,159
89,109,159
89,109,159
89,109,159
89,109,159
89,109,159
88,110,159
89,111,160
89,111,160
89,111,160
90,110,160
90,110,160
90,110,160
90,110,160
90,110,160
90,110,160
90,110,160
90,110,160
90,110,160
90,110,160
90,110,160
90,110,160
90,110,160
90,110,160
91,111,161
91,111,161
91,111,161
91,111,161
91,111,161
91,111,161
91,111,161
91,111,161
91,111,161
91,111,161
92,112,162
91,111,161
91,111,161
91,111,161
91,111,161
92,112,162
92,112,162
92,112,162
92,112,162
92,112,162
92,112,162
92,112,162
92,112,162
92,112,162
92,112,162
92,112,162
92,112,162
92,112,162
92,112,162
92,112,162
92,113,160
92,113,160
93,113,163
93,113,163
93,113,163
93,113,163
93,113,163
93,113,163
93,113,163
93,113,163
93,113,163
93,113,163
93,113,163
93,113,163
93,114,161
93,114,161
93,114,161
94,115,162
94,115,162
94,115,162
94,114,164
94,114,164
94,114,164
94,114,164
94,114,164
94,114,164
94,115,162
94,115,162
93,114,161
94,115,162
94,115,162
95,116,163
95,116,163
95,116,163
95,116,163
95,116,163
95,116,163
95,116,163
95,116,163
95,116,163
95,116,163
95,116,163
95,116,163
95,116,163
95,116,163
95,116,163
96,117,164
96,117,164
96,117,164
96,117,164
96,117,164
96,117,164
96,117,164
96,117,164
97,118,165
96,117,164
96,117,164
96,117,164
96,117,164
97,118,165
97,118,165
97,118,165
97,118,165
97,118,165
97,118,165
97,118,165
97,118,165
97,118,165
97,118,165
97,118,165
98,119,166
98,119,166
98,119,166
98,119,166
98,119,166
99,120,167
98,119,166
98,119,166
99,120,167
99,120,167
99,120,167
99,120,167
99,120,167
99,120,167
99,120,167
99,120,167
99,120,167
100,121,168
100,121,168
100,121,168
100,121,168
100,121,168
100,121,168
100,121,168
100,121,168
100,121,168
100,121,168
100,121,168
101,122,169
101,122,169
